{
	"format_version": "1.8.0",
	"animations": {
		"animation.stone_scout.charge_attack": {
			"loop": "hold_on_last_frame",
			"animation_length": 0.75,
			"override_previous_animation": true,
			"bones": {
				"body": {
					"rotation": {
						"0.0": [0, 0, 0],
						"0.0417": [0.12727, 0.0852, 0],
						"0.0833": [0.52447, 0.3069, 0],
						"0.125": [1.21659, 0.68095, 0],
						"0.1667": [2.22652, 1.22262, 0],
						"0.2083": [3.56844, 1.94733, 0],
						"0.25": [5.24371, 2.86548, 0],
						"0.2917": [7.22901, 3.97935, 0],
						"0.3333": [9.47006, 5.27434, 0],
						"0.4583": [16.69124, 9.73047, 0],
						"0.5": [18.85319, 11.13011, 0],
						"0.5417": [20.72724, 12.35047, 0],
						"0.5833": [22.26436, 13.34547, 0],
						"0.625": [23.44852, 14.09866, 0],
						"0.6667": [24.28525, 14.61357, 0],
						"0.7083": [24.79419, 14.90693, 0],
						"0.75": [25, 15, 0]
					},
					"position": {
						"0.0": [0, 0, 0],
						"0.0417": [0, -0.00494, 0],
						"0.0833": [0, -0.03835, 0],
						"0.125": [0, -0.10118, 0],
						"0.1667": [0, -0.19352, 0],
						"0.2083": [0, -0.31417, 0],
						"0.25": [0, -0.46041, 0],
						"0.2917": [0, -0.62761, 0],
						"0.4583": [0, -1.36318, 0],
						"0.5": [0, -1.5254, 0],
						"0.5417": [0, -1.66694, 0],
						"0.5833": [0, -1.78461, 0],
						"0.625": [0, -1.87678, 0],
						"0.6667": [0, -1.94302, 0],
						"0.7083": [0, -1.9838, 0],
						"0.75": [0, -2, 0]
					}
				},
				"head": {
					"rotation": {
						"0.0": [0, 0, 0],
						"0.0417": [-0.29727, -0.43685, 0.18633],
						"0.0833": [-0.81309, -1.19489, 0.50967],
						"0.5417": [-8.26556, -12.14671, 5.18104],
						"0.6667": [-10.16294, -14.93501, 6.37036],
						"0.7083": [-10.67876, -15.69304, 6.69369],
						"0.75": [-10.97603, -16.1299, 6.88003]
					}
				},
				"rightArm": {
					"rotation": {
						"0.0": [0, 0, 0],
						"0.0417": [-2.77605, -0.74479, 0],
						"0.0833": [-7.5931, -2.03717, 0],
						"0.125": [-13.14998, -3.52804, 0],
						"0.1667": [-19.10712, -5.1263, 0],
						"0.2083": [-25.3118, -6.79097, 0],
						"0.25": [-31.67786, -8.49894, 0],
						"0.4583": [-64.35075, -17.26484, 0],
						"0.5": [-70.82214, -19.00106, 0],
						"0.5417": [-77.1882, -20.70903, 0],
						"0.5833": [-83.39288, -22.3737, 0],
						"0.625": [-89.35002, -23.97196, 0],
						"0.6667": [-94.9069, -25.46283, 0],
						"0.7083": [-99.72395, -26.75521, 0],
						"0.75": [-102.5, -27.5, 0]
					}
				},
				"rightItem": {
					"rotation": {
						"0.0": [0, 0, 0],
						"0.75": [75, 0, 0]
					}
				},
				"leftArm": {
					"rotation": {
						"0.0": [0, 0, 0],
						"0.0417": [-0.49013, 0.21414, 0],
						"0.0833": [-1.83388, 0.71233, 0],
						"0.125": [-4.14491, 1.48153, 0],
						"0.1667": [-7.54436, 2.50048, 0],
						"0.2083": [-12.16038, 3.7405, 0],
						"0.25": [-18.10524, 5.16383, 0],
						"0.2917": [-25.443, 6.72653, 0],
						"0.3333": [-34.13222, 8.37929, 0],
						"0.375": [-43.94317, 10.07002, 0],
						"0.4583": [-64.81954, 13.35965, 0],
						"0.5": [-74.46541, 14.86464, 0],
						"0.5417": [-82.76433, 16.22371, 0],
						"0.5833": [-89.41112, 17.40603, 0],
						"0.625": [-94.33836, 18.38841, 0],
						"0.6667": [-97.63795, 19.15405, 0],
						"0.7083": [-99.46694, 19.69292, 0],
						"0.75": [-100, 20, 0]
					},
					"position": {
						"0.0": [0, 0, 0],
						"0.0417": [-0.02708, 0, -0.05417],
						"0.0833": [-0.07408, 0, -0.14816],
						"0.5417": [-0.75306, 0, -1.50611],
						"0.6667": [-0.92592, 0, -1.85184],
						"0.7083": [-0.97292, 0, -1.94583],
						"0.75": [-1, 0, -2]
					},
					"scale": 1
				},
				"rightLeg": {
					"rotation": {
						"0.0": [0, 0, 0],
						"0.0417": [-0.18512, 0.12089, 0.45875],
						"0.0833": [-0.50633, 0.33067, 1.25478],
						"0.5417": [-5.14714, 3.36145, 12.75555],
						"0.6667": [-6.32868, 4.13308, 15.68361],
						"0.7083": [-6.6499, 4.34286, 16.47964],
						"0.75": [-6.83501, 4.46375, 16.93839]
					}
				},
				"leftLeg": {
					"rotation": {
						"0.0": [0, 0, 0],
						"0.0417": [-1.39135, -0.19496, -0.11636],
						"0.0833": [-3.80566, -0.52839, -0.29505],
						"0.125": [-6.59076, -1.02238, -0.53881],
						"0.1667": [-9.57649, -1.70287, -0.85013],
						"0.2083": [-12.68627, -2.59383, -1.23048],
						"0.25": [-15.87693, -3.71193, -1.68052],
						"0.2917": [-19.12039, -5.05225, -2.19926],
						"0.4167": [-28.97712, -9.72618, -4.11593],
						"0.4583": [-32.25258, -11.13766, -4.83689],
						"0.5": [-35.49604, -12.34098, -5.56585],
						"0.5417": [-38.68671, -13.31995, -6.27352],
						"0.5833": [-41.79649, -14.08535, -6.9255],
						"0.625": [-44.78221, -14.65913, -7.48479],
						"0.6667": [-47.56732, -15.06634, -7.91599],
						"0.7083": [-49.98162, -15.32977, -8.18924],
						"0.75": [-51.37298, -15.46973, -8.28342]
					}
				}
			}
		},
		"animation.stone_scout.charge": {
			"loop": "hold_on_last_frame",
			"animation_length": 0.75,
			"override_previous_animation": true,
			"bones": {
				"body": {
					"rotation": {
						"0.0": [0, 0, 0],
						"0.75": [22.5, 0, 0]
					}
				},
				"head": {
					"rotation": {
						"0.0": [0, 0, 0],
						"0.75": [-37.5, 0, 0]
					}
				},
				"rightArm": {
					"rotation": {
						"0.0": [0, 0, 0],
						"0.75": [-125.42098, -20.39202, 18.49482]
					}
				},
				"rightItem": {
					"rotation": {
						"0.0": [0, 0, 0],
						"0.75": [16.48457, 31.3213, -60.34902]
					}
				},
				"leftArm": {
					"rotation": {
						"0.0": [0, 0, 0],
						"0.75": [-125.10451, 20.88127, -14.06573]
					}
				},
				"rightLeg": {
					"rotation": {
						"0.0": [0, 0, 0],
						"0.75": [5, 0, 0]
					}
				},
				"leftLeg": {
					"rotation": {
						"0.0": [0, 0, 0],
						"0.75": [-45, 0, 0]
					}
				}
			}
		},
		"animation.stone_scout.attack_bare_hand": {
			"loop": true,
			"bones": {
				"leftarm": {
					"rotation": [
						"-90.0 - ((math.sin(variable.attack_time * 180.0) * 57.3) * 1.2 - (math.sin((1.0 - (1.0 - variable.attack_time) * (1.0 - variable.attack_time)) * 180.0) * 57.3) * 0.4) - (math.sin(query.life_time * 76.776372) * 2.865) - this",
						"5.73 - ((math.sin(variable.attack_time * 180.0) * 57.3) * 0.6) - this",
						"math.cos(query.life_time * 103.13244) * -2.865 - 2.865 - this"
					]
				},
				"rightarm": {
					"rotation": [
						"90.0 * (variable.is_brandishing_spear - 1.0) - ((math.sin(variable.attack_time * 180.0) * 57.3) * 1.2 - (math.sin((1.0 - (1.0 - variable.attack_time) * (1.0 - variable.attack_time)) * 180.0) * 57.3) * 0.4) + (math.sin(query.life_time * 76.776372) * 2.865) - this",
						"(math.sin(variable.attack_time * 180.0) * 57.3) * 0.6 - 5.73 - this",
						"math.cos(query.life_time * 103.13244) * 2.865 + 2.865 - this"
					]
				}
			}
		},
		"animation.stone_scout.swimming": {
			"loop": true,
			"bones": {
				"body": {
					"position": [0, "variable.swim_amount * -10.0 - this", "variable.swim_amount * 9.0 - this"],
					"rotation": ["variable.swim_amount * (90.0 + query.target_x_rotation)", 0, 0]
				},
				"leftarm": {
					"rotation": [
						"math.lerp(this, -180.0, variable.swim_amount) - (variable.swim_amount * ((math.sin(variable.attack_time * 180.0) * 57.3) * 1.2 - (math.sin((1.0 - (1.0 - variable.attack_time) * (1.0 - variable.attack_time)) * 180.0) * 57.3) * 0.4)) - (variable.swim_amount * (math.sin(query.life_time * 76.776372) * 2.865)) - this",
						"math.lerp(this, 14.325, variable.swim_amount) - this",
						"math.lerp(this, 14.325, variable.swim_amount) - (variable.swim_amount * (math.cos(query.life_time * 103.13244) * 2.865 + 2.865)) - this"
					]
				},
				"leftleg": {
					"rotation": ["math.lerp(this, math.cos(query.life_time * 390.0 + 180.0) * 0.3, variable.swim_amount)", 0, 0]
				},